Product Name,Price ,Price per quantity,Image URL,Image Path,Category,Subcategory,Availability,Product URL,Review Count
Oro Bailen Arbequina Extra Virgin Olive Oil,£ 15.65,£ 3.13 per 100ml,https://www.ocado.com/productImages/480/480982011_0_640x640.jpg,images/Oro Bailen Arbequina Extra Virgin Olive Oil.jpg,Food Cupboard,"Dietary, Lifestyle & World Foods>World Foods>Spanish>Cooking Ingredients>Olive Oil",Yes,https://www.ocado.com/products/480982011,10
Celebrations Tub,£ 4.0,£ 0.6152 per 100g,https://www.ocado.com/productImages/261/261010011_0_640x640.jpg,images/Celebrations Tub.jpg,Food Cupboard,Food Cupboard>Chocolate & Sweets>Chocolate>Boxes & Gifts>Everyday Boxed Chocolates,Yes,https://www.ocado.com/products/261010011,13
Kettle Chips Lightly Salted,£ 1.99,£ 1.33 per 100g,https://www.ocado.com/productImages/103/10353011_0_640x640.jpg,images/Kettle Chips Lightly Salted.jpg,Food Cupboard,"Food Cupboard>Crisps, Snacks & Nuts>Crisps & Popcorn>Crisps for Sharing>Big Bags",Yes,https://www.ocado.com/products/10353011,52
Lurpak Unsalted Butter,£ 2.0,£ 0.8 per 100g,https://www.ocado.com/productImages/148/14860011_0_640x640.jpg,images/Lurpak Unsalted Butter.jpg,Food Cupboard,"Fresh & Chilled Food>Dairy & Eggs>Butter, Fats & Spreads>Block Butter>Unsalted",Yes,https://www.ocado.com/products/14860011,21
Sensations Thai Sweet Chilli Crisps,£ 0.99,£ 0.6617 per 100g,https://www.ocado.com/productImages/444/44477011_0_640x640.jpg,images/Sensations Thai Sweet Chilli Crisps.jpg,Food Cupboard,"Food Cupboard>Crisps, Snacks & Nuts>Crisps & Popcorn>Crisps for Sharing>Big Bags",Yes,https://www.ocado.com/products/44477011,34
Lurpak Slightly Salted Butter,£ 2.0,£ 0.8 per 100g,https://www.ocado.com/productImages/148/14858011_0_640x640.jpg,images/Lurpak Slightly Salted Butter.jpg,Food Cupboard,Food Cupboard>Brands We Love>Home Baking>Essential Ingredients,Yes,https://www.ocado.com/products/14858011,22
Tilda Microwave Pure Basmati Rice                           ,£ 1.65,£ 0.66 per 100g,https://www.ocado.com/productImages/363/36384011_0_640x640.jpg,images/Tilda Microwave Pure Basmati Rice                           .jpg,Food Cupboard,"Food Cupboard>Rice, Pasta & Pulses>Heat to Eat>Cooked Rice>Plain",Yes,https://www.ocado.com/products/36384011,77
Paxo Sage & Onion Stuffing Mix,£ 1.4,£ 0.824 per 100g,https://www.ocado.com/productImages/110/11088011_0_640x640.jpg,images/Paxo Sage & Onion Stuffing Mix.jpg,Food Cupboard,Food Cupboard>Cooking Ingredients>Breadcrumbs & Stuffings>Stuffings,Yes,https://www.ocado.com/products/11088011,11
M&S Percy Pig Fruit Gums,£ 1.65,£ 0.971 per 100g,https://www.ocado.com/productImages/512/512822011_0_640x640.jpg,images/M&S Percy Pig Fruit Gums.jpg,Food Cupboard,Occasions & Entertaining>Entertain By Ocado>Shop By Category>Celebration Cakes & Sweet Treats,Yes,https://www.ocado.com/products/512822011,255
M&S All Butter Scottish Shortbread Assortment,£ 3.66,£ 0.563 per 100g,https://www.ocado.com/productImages/512/512359011_0_640x640.jpg,images/M&S All Butter Scottish Shortbread Assortment.jpg,Food Cupboard,Food Cupboard>Biscuits>Luxury Biscuits,Yes,https://www.ocado.com/products/512359011,168
Pringles Salt & Vinegar,£ 2.5,£ 1.25 per 100g,https://www.ocado.com/productImages/647/64745011_0_640x640.jpg,images/Pringles Salt & Vinegar.jpg,Food Cupboard,"Food Cupboard>Crisps, Snacks & Nuts>Crisps & Popcorn>Crisps for Sharing>Big Bags",Yes,https://www.ocado.com/products/64745011,15
Heinz Tomato Ketchup,£ 1.5,£ 0.3257 per 100g,https://www.ocado.com/productImages/313/31335011_0_640x640.jpg,images/Heinz Tomato Ketchup.jpg,Food Cupboard,Food Cupboard>Condiments & Dressings>Condiments>Tomato Ketchup,Yes,https://www.ocado.com/products/31335011,25
Walkers Cheese & Onion Crisps 25g x,£ 1.5,£ 0.25 each,https://www.ocado.com/productImages/103/10380011_0_640x640.jpg,images/Walkers Cheese & Onion Crisps 25g x.jpg,Food Cupboard,"Food Cupboard>Crisps, Snacks & Nuts>Crisps & Popcorn>Multipack Crisps>Single Flavour",Yes,https://www.ocado.com/products/10380011,13
Kellogg's Variety Pack 8s,£ 1.15,£ 0.575 per 100g,https://www.ocado.com/productImages/100/10056011_0_640x640.jpg,images/Kellogg's Variety Pack 8s.jpg,Food Cupboard,Food Cupboard>Breakfast Cereals>Breakfast On The Go>Cereal Pots,Yes,https://www.ocado.com/products/10056011,35
Pipers Burrow Hill Cider Vinegar & Sea Salt Crisps,£ 1.5,£ 1.0 per 100g,https://www.ocado.com/productImages/467/467844011_0_640x640.jpg,images/Pipers Burrow Hill Cider Vinegar & Sea Salt Crisps.jpg,Food Cupboard,"Occasions & Entertaining>Entertain By Ocado>Shop By Category>Nibbles, Dips & Sides",Yes,https://www.ocado.com/products/467844011,103
Jacobs Biscuits for Cheese ,£ 5.0,£ 0.5558 per 100g,https://www.ocado.com/productImages/200/200280011_0_640x640.jpg,images/Jacobs Biscuits for Cheese .jpg,Food Cupboard,Food Cupboard>Crackers & Crispbreads>Crackers,Yes,https://www.ocado.com/products/200280011,13
Colman's Original English Mustard ,£ 1.0,£ 0.5886 per 100g,https://www.ocado.com/productImages/110/11074011_0_640x640.jpg,images/Colman's Original English Mustard .jpg,Food Cupboard,Food Cupboard>Condiments & Dressings>Condiments>Mustard>English Mustard,Yes,https://www.ocado.com/products/11074011,30
Green & Black's Organic Dark Cooking Chocolate,£ 2.5,£ 1.67 per 100g,https://www.ocado.com/productImages/136/13648011_0_640x640.jpg,images/Green & Black's Organic Dark Cooking Chocolate.jpg,Food Cupboard,"Dietary, Lifestyle & World Foods>Fairtrade>Baking & Food Cupboard",Yes,https://www.ocado.com/products/13648011,15
Carr's Cheese Melts,£ 1.49,£ 0.993 per 100g,https://www.ocado.com/productImages/233/23312011_0_640x640.jpg,images/Carr's Cheese Melts.jpg,Food Cupboard,Food Cupboard>Crackers & Crispbreads>Biscuits for Cheese,Yes,https://www.ocado.com/products/23312011,19
Bisto Gravy Granules ,£ 2.0,£ 0.5711 per 100g,https://www.ocado.com/productImages/111/11102011_0_640x640.jpg,images/Bisto Gravy Granules .jpg,Food Cupboard,Food Cupboard>Cooking Ingredients>Stocks & Gravies>Gravy>Granules & Powder,Yes,https://www.ocado.com/products/11102011,5
Barilla Penne Rigate,£ 1.2,£ 0.24 per 100g,https://www.ocado.com/productImages/301/301672011_0_640x640.jpg,images/Barilla Penne Rigate.jpg,Food Cupboard,"Food Cupboard>Rice, Pasta & Pulses>Pasta>Penne",Yes,https://www.ocado.com/products/301672011,20
Heinz Beanz No Added Sugar Snap Pot,£ 2.0,£ 0.2504 per 100g,https://www.ocado.com/productImages/365/365940011_0_640x640.jpg,images/Heinz Beanz No Added Sugar Snap Pot.jpg,Food Cupboard,"Dietary, Lifestyle & World Foods>Vegetarian & Vegan>Vegan>Food Cupboard",Yes,https://www.ocado.com/products/365940011,43
Geeta's Mango Chutney,£ 1.57,£ 0.4904 per 100g,https://www.ocado.com/productImages/109/10947011_0_640x640.jpg,images/Geeta's Mango Chutney.jpg,Food Cupboard,Big Night In>Curry Night In,Yes,https://www.ocado.com/products/10947011,150
Cadbury Dairy Milk,£ 3.65,£ 1.01 per 100g,https://www.ocado.com/productImages/113/11360011_0_640x640.jpg,images/Cadbury Dairy Milk.jpg,Food Cupboard,Food Cupboard>Chocolate & Sweets>Chocolate>Everyday Bars>Milk Chocolate,Yes,https://www.ocado.com/products/11360011,18
Sensations Lime & Chutney Poppadoms,£ 0.99,£ 1.1989 per 100g,https://www.ocado.com/productImages/203/203140011_0_640x640.jpg,images/Sensations Lime & Chutney Poppadoms.jpg,Food Cupboard,"Food Cupboard>Crisps, Snacks & Nuts>Crisps & Popcorn>Crisps for Sharing>Big Bags",Yes,https://www.ocado.com/products/203140011,48
Paxo Sage & Onion Stuffing for Chicken,£ 2.0,£ 0.5885 per 100g,https://www.ocado.com/productImages/292/292232011_0_640x640.jpg,images/Paxo Sage & Onion Stuffing for Chicken.jpg,Food Cupboard,Food Cupboard>Cooking Ingredients>Breadcrumbs & Stuffings>Stuffings,Yes,https://www.ocado.com/products/292232011,5
Kettle Chips Sea Salt with Black Peppercorns,£ 1.99,£ 1.33 per 100g,https://www.ocado.com/productImages/193/19307011_0_640x640.jpg,images/Kettle Chips Sea Salt with Black Peppercorns.jpg,Food Cupboard,"Food Cupboard>Crisps, Snacks & Nuts>Crisps & Popcorn>Crisps for Sharing>Big Bags",Yes,https://www.ocado.com/products/19307011,28
Ocado Gold Medjool Dates,£ 4.95,£ 9.9 per kg,https://www.ocado.com/productImages/810/81081011_0_640x640.jpg,images/Ocado Gold Medjool Dates.jpg,Food Cupboard,"Food Cupboard>Crisps, Snacks & Nuts>Fruit Snacks>Dried Fruit Snacks",Yes,https://www.ocado.com/products/81081011,130
Heinz Baked Beanz in Tomato Sauce Triple Pack,£ 1.25,£ 0.2083 per 100g,https://www.ocado.com/productImages/503/50338011_0_640x640.jpg,images/Heinz Baked Beanz in Tomato Sauce Triple Pack.jpg,Food Cupboard,"Dietary, Lifestyle & World Foods>Vegetarian & Vegan>Vegan>Food Cupboard",Yes,https://www.ocado.com/products/50338011,19
Stokes Cranberry Sauce,£ 3.49,£ 1.34 per 100g,https://www.ocado.com/productImages/701/70103011_0_640x640.jpg,images/Stokes Cranberry Sauce.jpg,Food Cupboard,Gourmet Food Market>For The Larder,Yes,https://www.ocado.com/products/70103011,17
Kettle Chips Cheddar & Red Onion,£ 1.99,£ 1.33 per 100g,https://www.ocado.com/productImages/395/39544011_0_640x640.jpg,images/Kettle Chips Cheddar & Red Onion.jpg,Food Cupboard,"Food Cupboard>Crisps, Snacks & Nuts>Crisps & Popcorn>Crisps for Sharing>Big Bags",Yes,https://www.ocado.com/products/39544011,34
Doritos Cool Original Tortilla Chips,£ 2.0,£ 1.11 per 100g,https://www.ocado.com/productImages/444/44484011_0_640x640.jpg,images/Doritos Cool Original Tortilla Chips.jpg,Food Cupboard,"Food Cupboard>Crisps, Snacks & Nuts>Crisps & Popcorn>Crisps for Sharing>Tortilla Chips",Yes,https://www.ocado.com/products/44484011,18
John West Tuna Chunks in Spring Water,£ 5.0,£ 0.862 per 100g,https://www.ocado.com/productImages/401/401884011_0_640x640.jpg,images/John West Tuna Chunks in Spring Water.jpg,Food Cupboard,Food Cupboard>Tins & Cans>Fish>Tuna>Multipacks,Yes,https://www.ocado.com/products/401884011,31
Heinz Baked Beanz,£ 0.85,£ 0.205 per 100g,https://www.ocado.com/productImages/122/12279011_0_640x640.jpg,images/Heinz Baked Beanz.jpg,Food Cupboard,"Dietary, Lifestyle & World Foods>Vegetarian & Vegan>Vegan>Food Cupboard",Yes,https://www.ocado.com/products/12279011,17
Colman's Bread Sauce Mix,£ 0.8,£ 2.0 per 100g,https://www.ocado.com/productImages/212/21228011_0_640x640.jpg,images/Colman's Bread Sauce Mix.jpg,Food Cupboard,Food Cupboard>Cooking Sauces & Kits>Packet Sauces>Sauce Mixes,Yes,https://www.ocado.com/products/21228011,28
Doritos Lightly Salted Tortilla Chips ,£ 1.25,£ 0.545 per 100g,https://www.ocado.com/productImages/444/44467011_0_640x640.jpg,images/Doritos Lightly Salted Tortilla Chips .jpg,Food Cupboard,"Food Cupboard>Crisps, Snacks & Nuts>Crisps & Popcorn>Crisps for Sharing>Tortilla Chips",Yes,https://www.ocado.com/products/44467011,18
Walkers Classic Variety Crisps 25g x,£ 2.0,£ 0.1668 each,https://www.ocado.com/productImages/444/44470011_0_640x640.jpg,images/Walkers Classic Variety Crisps 25g x.jpg,Food Cupboard,"Food Cupboard>Crisps, Snacks & Nuts>Crisps & Popcorn>Multipack Crisps>Assorted Flavours",Yes,https://www.ocado.com/products/44470011,6
Barilla Fusilli,£ 1.5,£ 0.3 per 100g,https://www.ocado.com/productImages/301/301670011_0_640x640.jpg,images/Barilla Fusilli.jpg,Food Cupboard,"Food Cupboard>Rice, Pasta & Pulses>Pasta>Fusilli & Spirals",Yes,https://www.ocado.com/products/301670011,27
Walkers Salt & Vinegar Crisps 25g x,£ 1.5,£ 0.25 each,https://www.ocado.com/productImages/103/10379011_0_640x640.jpg,images/Walkers Salt & Vinegar Crisps 25g x.jpg,Food Cupboard,"Food Cupboard>Crisps, Snacks & Nuts>Crisps & Popcorn>Multipack Crisps>Single Flavour",Yes,https://www.ocado.com/products/10379011,7
Bendicks Mint Collection,£ 7.0,£ 1.7537 per 100g,https://www.ocado.com/productImages/981/98165011_0_640x640.jpg,images/Bendicks Mint Collection.jpg,Food Cupboard,"Dietary, Lifestyle & World Foods>Free From>Palm Oil Free>Treats>Chocolate",Yes,https://www.ocado.com/products/98165011,24
Tilda Microwave Wholegrain Basmati Rice                        ,£ 1.65,£ 0.66 per 100g,https://www.ocado.com/productImages/363/36387011_0_640x640.jpg,images/Tilda Microwave Wholegrain Basmati Rice                        .jpg,Food Cupboard,"Food Cupboard>Rice, Pasta & Pulses>Heat to Eat>Cooked Rice>Plain",Yes,https://www.ocado.com/products/36387011,51
Barilla Spaghetti,£ 1.2,£ 0.24 per 100g,https://www.ocado.com/productImages/301/301674011_0_640x640.jpg,images/Barilla Spaghetti.jpg,Food Cupboard,"Dietary, Lifestyle & World Foods>World Foods>Italian>Pasta & Sauce>Dry Pasta",Yes,https://www.ocado.com/products/301674011,53
Heinz Beanz Snap Pot,£ 2.0,£ 0.2504 per 100g,https://www.ocado.com/productImages/395/39528011_0_640x640.jpg,images/Heinz Beanz Snap Pot.jpg,Food Cupboard,"Dietary, Lifestyle & World Foods>Vegetarian & Vegan>Vegan>Food Cupboard",Yes,https://www.ocado.com/products/39528011,24
Taylors Lazy Sunday Ground Coffee,£ 3.75,£ 1.65 per 100g,https://www.ocado.com/productImages/202/20257011_0_640x640.jpg,images/Taylors Lazy Sunday Ground Coffee.jpg,Food Cupboard,"Food Cupboard>Tea, Coffee & Hot Drinks>Coffee>Ground>All Coffee Makers",Yes,https://www.ocado.com/products/20257011,37
Bisto Turkey Gravy Granules,£ 1.5,£ 0.882 per 100g,https://www.ocado.com/productImages/269/269618011_0_640x640.jpg,images/Bisto Turkey Gravy Granules.jpg,Food Cupboard,Food Cupboard>Cooking Ingredients>Stocks & Gravies>Gravy>Granules & Powder,Yes,https://www.ocado.com/products/269618011,7
M&S Remarksable High Bake Water Biscuits,£ 1.0,£ 0.5 per 100g,https://www.ocado.com/productImages/505/505656011_0_640x640.jpg,images/M&S Remarksable High Bake Water Biscuits.jpg,Food Cupboard,"M&S at Ocado>Food Cupboard, Drinks & Bakery",Yes,https://www.ocado.com/products/505656011,8
Lindt Excellence 85% Cocoa Dark Chocolate,£ 2.0,£ 2.0 per 100g,https://www.ocado.com/productImages/125/12540011_0_640x640.jpg,images/Lindt Excellence 85% Cocoa Dark Chocolate.jpg,Food Cupboard,"Dietary, Lifestyle & World Foods>Free From>Palm Oil Free>Treats>Chocolate",Yes,https://www.ocado.com/products/12540011,24
Doritos Cool Original Tortilla Chips,£ 1.25,£ 0.545 per 100g,https://www.ocado.com/productImages/452/452052011_0_640x640.jpg,images/Doritos Cool Original Tortilla Chips.jpg,Food Cupboard,"Dietary, Lifestyle & World Foods>Free From>Palm Oil Free>Treats>Snacks",Yes,https://www.ocado.com/products/452052011,39
Jacob's Mini Cheddars 25g x,£ 1.99,£ 0.1242 each,https://www.ocado.com/productImages/279/279906011_0_640x640.jpg,images/Jacob's Mini Cheddars 25g x.jpg,Food Cupboard,"Food Cupboard>Crisps, Snacks & Nuts>Crisps & Popcorn>Multipack Crisps>Single Flavour",Yes,https://www.ocado.com/products/279906011,13
M&S Remarksable Italian Torinesi Breadsticks,£ 0.95,£ 0.76 per 100g,https://www.ocado.com/productImages/515/515215011_0_640x640.jpg,images/M&S Remarksable Italian Torinesi Breadsticks.jpg,Food Cupboard,"Occasions & Entertaining>Entertain By Ocado>Festive Celebrations>Nibbles, Dips & Sides",Yes,https://www.ocado.com/products/515215011,11
Doritos Chilli Heatwave Tortilla Chips,£ 1.99,£ 1.11 per 100g,https://www.ocado.com/productImages/444/44465011_0_640x640.jpg,images/Doritos Chilli Heatwave Tortilla Chips.jpg,Food Cupboard,"Food Cupboard>Crisps, Snacks & Nuts>Crisps & Popcorn>Crisps for Sharing>Tortilla Chips",Yes,https://www.ocado.com/products/44465011,18
Bahlsen Choco Leibniz Milk Biscuits,£ 1.49,£ 1.19 per 100g,https://www.ocado.com/productImages/114/11428011_0_640x640.jpg,images/Bahlsen Choco Leibniz Milk Biscuits.jpg,Food Cupboard,Food Cupboard>Biscuits>Chocolate Biscuits>Premium,Yes,https://www.ocado.com/products/11428011,32
Cadbury Dairy Milk,£ 1.5,£ 1.36 per 100g,https://www.ocado.com/productImages/290/290968011_0_640x640.jpg,images/Cadbury Dairy Milk.jpg,Food Cupboard,Food Cupboard>Chocolate & Sweets>Chocolate>Everyday Bars>Milk Chocolate,Yes,https://www.ocado.com/products/290968011,16
Heinz Cream of Tomato Soup,£ 3.0,£ 0.1248 per 100g,https://www.ocado.com/productImages/291/291186011_0_640x640.jpg,images/Heinz Cream of Tomato Soup.jpg,Food Cupboard,Food Cupboard>Tins & Cans>Soup>Tomato Soup,Yes,https://www.ocado.com/products/291186011,13
Schwartz Luxury Bread Sauce Mix,£ 0.85,£ 2.13 per 100g,https://www.ocado.com/productImages/430/43040011_0_640x640.jpg,images/Schwartz Luxury Bread Sauce Mix.jpg,Food Cupboard,Food Cupboard>Cooking Sauces & Kits>Packet Sauces>Sauce Mixes,Yes,https://www.ocado.com/products/43040011,12
Cadbury Dairy Milk,£ 1.0,£ 0.6933 per 100g,https://www.ocado.com/productImages/313/313889011_0_640x640.jpg,images/Cadbury Dairy Milk.jpg,Food Cupboard,Food Cupboard>Chocolate & Sweets>Chocolate>Multipacks,Yes,https://www.ocado.com/products/313889011,20
Snack a Jacks Salt & Vinegar Rice Cakes,£ 1.0,£ 1.1361 per 100g,https://www.ocado.com/productImages/397/39722011_0_640x640.jpg,images/Snack a Jacks Salt & Vinegar Rice Cakes.jpg,Food Cupboard,"Food Cupboard>Crisps, Snacks & Nuts>Crisps & Popcorn>Multipack Crisps>Low Fat",Yes,https://www.ocado.com/products/39722011,25
Yorkshire Tea Teabags,£ 4.0,£ 0.0252 each,https://www.ocado.com/productImages/124/12476011_0_640x640.jpg,images/Yorkshire Tea Teabags.jpg,Food Cupboard,"Food Cupboard>Tea, Coffee & Hot Drinks>Tea>Everyday",Yes,https://www.ocado.com/products/12476011,23
Kettle Chips Sour Cream & Onion,£ 1.99,£ 1.33 per 100g,https://www.ocado.com/productImages/382/38220011_0_640x640.jpg,images/Kettle Chips Sour Cream & Onion.jpg,Food Cupboard,"Dietary, Lifestyle & World Foods>Free From>Palm Oil Free>Treats>Snacks",Yes,https://www.ocado.com/products/38220011,17
Gran Luchito Lightly Salted Gluten Free Tortilla Chips,£ 2.5,£ 1.47 per 100g,https://www.ocado.com/productImages/408/408686011_0_640x640.jpg,images/Gran Luchito Lightly Salted Gluten Free Tortilla Chips.jpg,Food Cupboard,"Dietary, Lifestyle & World Foods>Free From>Gluten Free>Snacks",Yes,https://www.ocado.com/products/408686011,77
Kettle Chips Sweet Chilli & Sour Cream,£ 1.99,£ 1.33 per 100g,https://www.ocado.com/productImages/382/38216011_0_640x640.jpg,images/Kettle Chips Sweet Chilli & Sour Cream.jpg,Food Cupboard,"Food Cupboard>Crisps, Snacks & Nuts>Crisps & Popcorn>Crisps for Sharing>Big Bags",Yes,https://www.ocado.com/products/38216011,40
Menier Dark Chocolate,£ 1.0,£ 1.0 per 100g,https://www.ocado.com/productImages/108/10805011_0_640x640.jpg,images/Menier Dark Chocolate.jpg,Food Cupboard,Food Cupboard>Sugar & Home Baking>Cooking Chocolate & Cacao>Cooking Chocolate,Yes,https://www.ocado.com/products/10805011,40
Hellmann's Real Squeezy Mayonnaise ,£ 2.0,£ 0.2667 per 100ml,https://www.ocado.com/productImages/561/56134011_0_640x640.jpg,images/Hellmann's Real Squeezy Mayonnaise .jpg,Food Cupboard,Food Cupboard>Condiments & Dressings>Condiments>Mayonnaise>Original Mayonnaise,Yes,https://www.ocado.com/products/56134011,71
M&S Harry Potter Bubbly Frog Chocolate,£ 0.5,£ 2.175 per 100g,https://www.ocado.com/productImages/531/531991011_0_640x640.jpg,images/M&S Harry Potter Bubbly Frog Chocolate.jpg,Food Cupboard,Christmas Clearance>Sweets & Chocolate,Yes,https://www.ocado.com/products/531991011,5
Rowse Blossom Pure & Natural Squeezable Honey,£ 2.0,£ 0.5881 per 100g,https://www.ocado.com/productImages/396/39614011_0_640x640.jpg,images/Rowse Blossom Pure & Natural Squeezable Honey.jpg,Food Cupboard,Food Cupboard>Brands We Love>Home Baking>Spreads & Preserves,Yes,https://www.ocado.com/products/39614011,17
Walkers Ready Salted Crisps 25g x,£ 1.5,£ 0.25 each,https://www.ocado.com/productImages/103/10397011_0_640x640.jpg,images/Walkers Ready Salted Crisps 25g x.jpg,Food Cupboard,"Food Cupboard>Crisps, Snacks & Nuts>Crisps & Popcorn>Multipack Crisps>Single Flavour",Yes,https://www.ocado.com/products/10397011,16
Pipers Anglesey Sea Salt Crisps,£ 1.5,£ 1.0 per 100g,https://www.ocado.com/productImages/467/467842011_0_640x640.jpg,images/Pipers Anglesey Sea Salt Crisps.jpg,Food Cupboard,"Occasions & Entertaining>Entertain By Ocado>Shop By Category>Nibbles, Dips & Sides",Yes,https://www.ocado.com/products/467842011,79
Walkers Wotsits Really Cheesy Snacks 16.5g x,£ 1.5,£ 0.25 each,https://www.ocado.com/productImages/103/10367011_0_640x640.jpg,images/Walkers Wotsits Really Cheesy Snacks 16.5g x.jpg,Food Cupboard,"Food Cupboard>Crisps, Snacks & Nuts>Crisps & Popcorn>Multipack Crisps>Single Flavour",Yes,https://www.ocado.com/products/10367011,18
Peter's Yard Original Sourdough Crackers,£ 1.91,£ 1.8221 per 100g,https://www.ocado.com/productImages/782/78275011_0_640x640.jpg,images/Peter's Yard Original Sourdough Crackers.jpg,Food Cupboard,Food Cupboard>Crackers & Crispbreads>Biscuits for Cheese,Yes,https://www.ocado.com/products/78275011,86
M&S Percy Pig Sweetie Jar,£ 10.0,£ 10.0 per kg,https://www.ocado.com/productImages/528/528205011_0_640x640.jpg,images/M&S Percy Pig Sweetie Jar.jpg,Food Cupboard,Christmas Clearance>Sweets & Chocolate,Yes,https://www.ocado.com/products/528205011,1
Jammie Dodgers,£ 0.5,£ 0.3572 per 100g,https://www.ocado.com/productImages/102/10225011_0_640x640.jpg,images/Jammie Dodgers.jpg,Food Cupboard,Food Cupboard>Biscuits>Bestsellers,Yes,https://www.ocado.com/products/10225011,45
McVitie's Victoria Selection Biscuit Large Assortment,£ 5.0,£ 0.605 per 100g,https://www.ocado.com/productImages/423/423090011_0_640x640.jpg,images/McVitie's Victoria Selection Biscuit Large Assortment.jpg,Food Cupboard,Big Night In>Movie Night In,Yes,https://www.ocado.com/products/423090011,8
Ambrosia Devon Custard Pots,£ 1.5,£ 0.3 per 100g,https://www.ocado.com/productImages/289/28942011_0_640x640.jpg,images/Ambrosia Devon Custard Pots.jpg,Food Cupboard,Food Cupboard>Desserts & Toppings>Custard & Condensed Milk>Ready Made Custard,Yes,https://www.ocado.com/products/28942011,14
Cadbury Dairy Milk Giant Buttons,£ 2.0,£ 0.832 per 100g,https://www.ocado.com/productImages/423/423078011_0_640x640.jpg,images/Cadbury Dairy Milk Giant Buttons.jpg,Food Cupboard,Food Cupboard>Chocolate & Sweets>Chocolate>Sharing Pouches,Yes,https://www.ocado.com/products/423078011,8
Doritos Mild Salsa Dip,£ 1.25,£ 0.4165 per 100g,https://www.ocado.com/productImages/397/39710011_0_640x640.jpg,images/Doritos Mild Salsa Dip.jpg,Food Cupboard,"Food Cupboard>Crisps, Snacks & Nuts>Crisps & Popcorn>Dips",Yes,https://www.ocado.com/products/39710011,18
Maille Dijon Original Mustard ,£ 1.5,£ 0.698 per 100g,https://www.ocado.com/productImages/571/57189011_0_640x640.jpg,images/Maille Dijon Original Mustard .jpg,Food Cupboard,"Dietary, Lifestyle & World Foods>World Foods>French>Food Cupboard",Yes,https://www.ocado.com/products/57189011,28
Sensations Californian Honey & Salt Roasted Peanuts,£ 1.99,£ 1.37 per 100g,https://www.ocado.com/productImages/751/75108011_0_640x640.jpg,images/Sensations Californian Honey & Salt Roasted Peanuts.jpg,Food Cupboard,"New Year's Party>Crisps, Dips & Snacks",Yes,https://www.ocado.com/products/75108011,27
Walkers Prawn Cocktail Crisps 25g x,£ 1.5,£ 0.25 each,https://www.ocado.com/productImages/189/18929011_0_640x640.jpg,images/Walkers Prawn Cocktail Crisps 25g x.jpg,Food Cupboard,"Food Cupboard>Crisps, Snacks & Nuts>Crisps & Popcorn>Multipack Crisps>Single Flavour",Yes,https://www.ocado.com/products/18929011,10
Walkers Ready Salted Crisps 25g x,£ 2.0,£ 0.167 each,https://www.ocado.com/productImages/444/44482011_0_640x640.jpg,images/Walkers Ready Salted Crisps 25g x.jpg,Food Cupboard,"Food Cupboard>Crisps, Snacks & Nuts>Crisps & Popcorn>Multipack Crisps>Single Flavour",Yes,https://www.ocado.com/products/44482011,9
Carr's Biscuit Selection for Cheese,£ 4.0,£ 0.8 per 100g,https://www.ocado.com/productImages/322/32299011_0_640x640.jpg,images/Carr's Biscuit Selection for Cheese.jpg,Food Cupboard,Food Cupboard>Crackers & Crispbreads>Crackers,Yes,https://www.ocado.com/products/32299011,2
Toblerone Milk Chocolate,£ 4.0,£ 1.1111 per 100g,https://www.ocado.com/productImages/112/11297011_0_640x640.jpg,images/Toblerone Milk Chocolate.jpg,Food Cupboard,"Dietary, Lifestyle & World Foods>Free From>Palm Oil Free>Treats>Chocolate",Yes,https://www.ocado.com/products/11297011,37
Tilda Microwave Wholegrain Basmati & Wild Rice,£ 1.65,£ 0.66 per 100g,https://www.ocado.com/productImages/277/277758011_0_640x640.jpg,images/Tilda Microwave Wholegrain Basmati & Wild Rice.jpg,Food Cupboard,"Food Cupboard>Rice, Pasta & Pulses>Microwave Rice>Wholegrain, Brown & Wild>Wild",Yes,https://www.ocado.com/products/277758011,17
McVitie's Dark Chocolate Digestives,£ 1.5,£ 0.564 per 100g,https://www.ocado.com/productImages/282/282001011_0_640x640.jpg,images/McVitie's Dark Chocolate Digestives.jpg,Food Cupboard,Food Cupboard>Biscuits>Bestsellers,Yes,https://www.ocado.com/products/282001011,26
Peperami Original ,£ 2.75,£ 2.44 per 100g,https://www.ocado.com/productImages/152/15290011_0_640x640.jpg,images/Peperami Original .jpg,Food Cupboard,"Food Cupboard>Crisps, Snacks & Nuts>Meat Snacks>Chorizo & Salami>Salami",Yes,https://www.ocado.com/products/15290011,15
Lindt Excellence Extra Creamy Milk Chocolate Bar,£ 2.0,£ 2.0 per 100g,https://www.ocado.com/productImages/113/11391011_0_640x640.jpg,images/Lindt Excellence Extra Creamy Milk Chocolate Bar.jpg,Food Cupboard,"Dietary, Lifestyle & World Foods>Free From>Palm Oil Free>Treats>Chocolate",Yes,https://www.ocado.com/products/11391011,13
Maille Wholegrain Mustard ,£ 1.5,£ 0.714 per 100g,https://www.ocado.com/productImages/619/61980011_0_640x640.jpg,images/Maille Wholegrain Mustard .jpg,Food Cupboard,"Dietary, Lifestyle & World Foods>World Foods>French>Food Cupboard",Yes,https://www.ocado.com/products/61980011,24
Cadbury Twirl,£ 1.0,£ 0.735 per 100g,https://www.ocado.com/productImages/313/313292011_0_640x640.jpg,images/Cadbury Twirl.jpg,Food Cupboard,Food Cupboard>Chocolate & Sweets>Chocolate>Multipacks,Yes,https://www.ocado.com/products/313292011,22
Heinz Beanz No Added Sugar,£ 0.85,£ 0.205 per 100g,https://www.ocado.com/productImages/365/365942011_0_640x640.jpg,images/Heinz Beanz No Added Sugar.jpg,Food Cupboard,"Dietary, Lifestyle & World Foods>Vegetarian & Vegan>Vegan>Food Cupboard",Yes,https://www.ocado.com/products/365942011,26
Menier White Chocolate,£ 1.0,£ 1.0 per 100g,https://www.ocado.com/productImages/406/40601011_0_640x640.jpg,images/Menier White Chocolate.jpg,Food Cupboard,Food Cupboard>Sugar & Home Baking>Cooking Chocolate & Cacao>Cooking Chocolate,Yes,https://www.ocado.com/products/40601011,51
East End Black Pepper Whole,£ 1.75,£ 1.75 per 100g,https://www.ocado.com/productImages/231/231064011_0_640x640.jpg,images/East End Black Pepper Whole.jpg,Food Cupboard,Food Cupboard>Cooking Ingredients>Pepper>Peppercorns,Yes,https://www.ocado.com/products/231064011,48
Cafedirect Fairtrade Organic Machu Picchu Peru Ground Coffee,£ 3.75,£ 1.65 per 100g,https://www.ocado.com/productImages/201/20176011_0_640x640.jpg,images/Cafedirect Fairtrade Organic Machu Picchu Peru Ground Coffee.jpg,Food Cupboard,"Dietary, Lifestyle & World Foods>Organic>Drinks>Hot Drinks",Yes,https://www.ocado.com/products/20176011,61
Walkers Wotsits Giants Cheese Crisps,£ 1.99,£ 1.53 per 100g,https://www.ocado.com/productImages/504/504863011_0_640x640.jpg,images/Walkers Wotsits Giants Cheese Crisps.jpg,Food Cupboard,"Dietary, Lifestyle & World Foods>Free From>Palm Oil Free>Treats>Snacks",Yes,https://www.ocado.com/products/504863011,53
Heinz Five Beanz In Tomato Sauce,£ 0.8,£ 0.1928 per 100g,https://www.ocado.com/productImages/801/80144011_0_640x640.jpg,images/Heinz Five Beanz In Tomato Sauce.jpg,Food Cupboard,"Dietary, Lifestyle & World Foods>Vegetarian & Vegan>Vegan>Food Cupboard",Yes,https://www.ocado.com/products/80144011,37
Lindt Lindor Truffles,£ 5.0,£ 2.5 per 100g,https://www.ocado.com/productImages/207/20717011_0_640x640.jpg,images/Lindt Lindor Truffles.jpg,Food Cupboard,Food Cupboard>Chocolate & Sweets>Chocolate>Boxes & Gifts>Milk Chocolates,Yes,https://www.ocado.com/products/20717011,10
Walkers Oven Baked Sea Salt Snacks 25g x ,£ 1.5,£ 0.25 each,https://www.ocado.com/productImages/328/32869011_0_640x640.jpg,images/Walkers Oven Baked Sea Salt Snacks 25g x .jpg,Food Cupboard,"Food Cupboard>Crisps, Snacks & Nuts>Crisps & Popcorn>Multipack Crisps>Single Flavour",Yes,https://www.ocado.com/products/32869011,25
Bahlsen Choco Leibniz Dark Chocolate Biscuits,£ 1.49,£ 1.19 per 100g,https://www.ocado.com/productImages/114/11419011_0_640x640.jpg,images/Bahlsen Choco Leibniz Dark Chocolate Biscuits.jpg,Food Cupboard,Food Cupboard>Biscuits>Chocolate Biscuits>Premium,Yes,https://www.ocado.com/products/11419011,24
Kettle Chips Crispy Bacon & Maple Syrup,£ 1.99,£ 1.33 per 100g,https://www.ocado.com/productImages/294/294003011_0_640x640.jpg,images/Kettle Chips Crispy Bacon & Maple Syrup.jpg,Food Cupboard,"Dietary, Lifestyle & World Foods>Free From>Palm Oil Free>Treats>Snacks",Yes,https://www.ocado.com/products/294003011,47
Sensations Roasted Chicken & Thyme Crisps,£ 0.99,£ 0.6617 per 100g,https://www.ocado.com/productImages/444/44471011_0_640x640.jpg,images/Sensations Roasted Chicken & Thyme Crisps.jpg,Food Cupboard,"Food Cupboard>Crisps, Snacks & Nuts>Crisps & Popcorn>Crisps for Sharing>Big Bags",Yes,https://www.ocado.com/products/44471011,28
Kellogg's Fruit 'n Fibre,£ 3.0,£ 0.429 per 100g,https://www.ocado.com/productImages/100/10022011_0_640x640.jpg,images/Kellogg's Fruit 'n Fibre.jpg,Food Cupboard,"Dietary, Lifestyle & World Foods>Free From>Palm Oil Free>Breakfast>Cereal",Yes,https://www.ocado.com/products/10022011,14
Ferrero Rocher 24 Pieces,£ 6.5,£ 2.1694 per 100g,https://www.ocado.com/productImages/122/12262011_0_640x640.jpg,images/Ferrero Rocher 24 Pieces.jpg,Food Cupboard,Food Cupboard>Chocolate & Sweets>Chocolate>Boxes & Gifts>Large Gift Boxes,Yes,https://www.ocado.com/products/12262011,8
Walkers Squares Salt & Vinegar Snacks 22g x,£ 1.5,£ 0.25 each,https://www.ocado.com/productImages/900/90038011_0_640x640.jpg,images/Walkers Squares Salt & Vinegar Snacks 22g x.jpg,Food Cupboard,"Food Cupboard>Crisps, Snacks & Nuts>Crisps & Popcorn>Multipack Crisps>Single Flavour",Yes,https://www.ocado.com/products/90038011,8
M&S Colin The Caterpillar Candy Cane Fruit Gums,£ 1.1,£ 0.7333 per 100g,https://www.ocado.com/productImages/514/514881011_0_640x640.jpg,images/M&S Colin The Caterpillar Candy Cane Fruit Gums.jpg,Food Cupboard,Christmas Clearance>Sweets & Chocolate,Yes,https://www.ocado.com/products/514881011,14
KP Dry Roasted Peanuts,£ 2.0,£ 0.8 per 100g,https://www.ocado.com/productImages/260/26067011_0_640x640.jpg,images/KP Dry Roasted Peanuts.jpg,Food Cupboard,"Food Cupboard>Crisps, Snacks & Nuts>Nuts & Seeds>Nuts>Peanuts>Roasted",Yes,https://www.ocado.com/products/26067011,46
Barilla Linguine,£ 1.5,£ 0.3 per 100g,https://www.ocado.com/productImages/301/301673011_0_640x640.jpg,images/Barilla Linguine.jpg,Food Cupboard,"Food Cupboard>Rice, Pasta & Pulses>Pasta>Linguine",Yes,https://www.ocado.com/products/301673011,14
Heinz Tomato Ketchup 50% Less Sugar & Salt,£ 1.75,£ 0.402 per 100g,https://www.ocado.com/productImages/372/372136011_0_640x640.jpg,images/Heinz Tomato Ketchup 50% Less Sugar & Salt.jpg,Food Cupboard,Food Cupboard>Condiments & Dressings>Lighter Options,Yes,https://www.ocado.com/products/372136011,26
Sensations Thai Sweet Chilli Coated Peanuts,£ 1.99,£ 1.33 per 100g,https://www.ocado.com/productImages/248/248498011_0_640x640.jpg,images/Sensations Thai Sweet Chilli Coated Peanuts.jpg,Food Cupboard,"New Year's Party>Crisps, Dips & Snacks",Yes,https://www.ocado.com/products/248498011,17
Sensations Mango & Chutney Poppadoms,£ 0.99,£ 1.1989 per 100g,https://www.ocado.com/productImages/373/373285011_0_640x640.jpg,images/Sensations Mango & Chutney Poppadoms.jpg,Food Cupboard,"Food Cupboard>Crisps, Snacks & Nuts>Crisps & Popcorn>Crisps for Sharing>Big Bags",Yes,https://www.ocado.com/products/373285011,19
Bisto Best Chicken Gravy ,£ 2.9,£ 1.16 per 100g,https://www.ocado.com/productImages/169/16905011_0_640x640.jpg,images/Bisto Best Chicken Gravy .jpg,Food Cupboard,Food Cupboard>Cooking Ingredients>Stocks & Gravies>Gravy>Granules & Powder,Yes,https://www.ocado.com/products/16905011,27
Scott's Porage Original Porridge Oats,£ 2.2,£ 0.22 per 100g,https://www.ocado.com/productImages/182/18287011_0_640x640.jpg,images/Scott's Porage Original Porridge Oats.jpg,Food Cupboard,"Dietary, Lifestyle & World Foods>Free From>Palm Oil Free>Breakfast>Porridge",Yes,https://www.ocado.com/products/18287011,20
Celebrations Chocolate Sharing Pouch Bag,£ 3.32,£ 0.8317 per 100g,https://www.ocado.com/productImages/531/531012011_0_640x640.jpg,images/Celebrations Chocolate Sharing Pouch Bag.jpg,Food Cupboard,Christmas Clearance>Sweets & Chocolate,Yes,https://www.ocado.com/products/531012011,1
Biona Organic Chopped Peeled Tomatoes,£ 1.19,£ 0.298 per 100g,https://www.ocado.com/productImages/513/51371011_0_640x640.jpg,images/Biona Organic Chopped Peeled Tomatoes.jpg,Food Cupboard,"Dietary, Lifestyle & World Foods>Organic>Food Cupboard>Tins & Cans",Yes,https://www.ocado.com/products/51371011,36
Lindt Excellence Intense Orange,£ 2.0,£ 2.0 per 100g,https://www.ocado.com/productImages/340/34050011_0_640x640.jpg,images/Lindt Excellence Intense Orange.jpg,Food Cupboard,"Dietary, Lifestyle & World Foods>Free From>Palm Oil Free>Treats>Chocolate",Yes,https://www.ocado.com/products/34050011,35
Brindisa Perelló Gordal Pitted Olives Picanté,£ 2.76,£ 1.84 per 100g,https://www.ocado.com/productImages/813/81361011_0_640x640.jpg,images/Brindisa Perelló Gordal Pitted Olives Picanté.jpg,Food Cupboard,"Food Cupboard>Cooking Ingredients>Olives, Gherkins & Antipasti>Olives, Capers & Tapenades>Green Olives",Yes,https://www.ocado.com/products/81361011,87
Wonderful Pistachios Roasted & Salted,£ 2.95,£ 1.3443 per 100g,https://www.ocado.com/productImages/259/259361011_0_640x640.jpg,images/Wonderful Pistachios Roasted & Salted.jpg,Food Cupboard,"Food Cupboard>Crisps, Snacks & Nuts>Nuts & Seeds>Nuts>Pistachios",Yes,https://www.ocado.com/products/259361011,15
Loyd Grossman Tomato & Basil Pasta Sauce,£ 2.05,£ 0.586 per 100g,https://www.ocado.com/productImages/121/12165011_0_640x640.jpg,images/Loyd Grossman Tomato & Basil Pasta Sauce.jpg,Food Cupboard,Food Cupboard>Cooking Sauces & Kits>Pasta Sauces>Tomato Sauces,Yes,https://www.ocado.com/products/12165011,21
Ritz Crackers,£ 1.0,£ 0.5 per 100g,https://www.ocado.com/productImages/102/10270011_0_640x640.jpg,images/Ritz Crackers.jpg,Food Cupboard,Food Cupboard>Crackers & Crispbreads>Breadsticks & Nibbles>Nibbles & Bites,Yes,https://www.ocado.com/products/10270011,27
SunBites Sweet Chilli Multigrain Snacks 25g x,£ 1.0,£ 0.1667 each,https://www.ocado.com/productImages/480/48040011_0_640x640.jpg,images/SunBites Sweet Chilli Multigrain Snacks 25g x.jpg,Food Cupboard,"Food Cupboard>Crisps, Snacks & Nuts>Crisps & Popcorn>Multipack Crisps>Single Flavour",Yes,https://www.ocado.com/products/48040011,33
Kettle Chips Lightly Salted 30g x,£ 1.79,£ 0.358 each,https://www.ocado.com/productImages/587/58714011_0_640x640.jpg,images/Kettle Chips Lightly Salted 30g x.jpg,Food Cupboard,"Food Cupboard>Crisps, Snacks & Nuts>Crisps & Popcorn>Multipack Crisps>Single Flavour",Yes,https://www.ocado.com/products/58714011,13
Sensations Caramelised Onion & Balsamic Vinegar Crisps,£ 0.99,£ 0.6617 per 100g,https://www.ocado.com/productImages/444/44492011_0_640x640.jpg,images/Sensations Caramelised Onion & Balsamic Vinegar Crisps.jpg,Food Cupboard,"Food Cupboard>Crisps, Snacks & Nuts>Crisps & Popcorn>Crisps for Sharing>Big Bags",Yes,https://www.ocado.com/products/44492011,24
Lindt Excellence 90% Dark Supreme Chocolate Bar,£ 2.0,£ 2.0 per 100g,https://www.ocado.com/productImages/466/46655011_0_640x640.jpg,images/Lindt Excellence 90% Dark Supreme Chocolate Bar.jpg,Food Cupboard,"Dietary, Lifestyle & World Foods>Free From>Palm Oil Free>Treats>Chocolate",Yes,https://www.ocado.com/products/46655011,58
Paxo Sage & Onion Stuffing Tray Bake,£ 1.49,£ 1.49 per 100g,https://www.ocado.com/productImages/496/496337011_0_640x640.jpg,images/Paxo Sage & Onion Stuffing Tray Bake.jpg,Food Cupboard,Food Cupboard>Cooking Ingredients>Breadcrumbs & Stuffings>Stuffings,Yes,https://www.ocado.com/products/496337011,6
Old El Paso Smoky BBQ Fajita Kit,£ 3.2,£ 0.64 per 100g,https://www.ocado.com/productImages/267/26769011_0_640x640.jpg,images/Old El Paso Smoky BBQ Fajita Kit.jpg,Food Cupboard,Food Cupboard>Cooking Sauces & Kits>Meal Kits>Mexican,Yes,https://www.ocado.com/products/26769011,31
Schwartz Cinnamon Sticks Jar,£ 1.6,£ 1.23 per 10g,https://www.ocado.com/productImages/316/316746011_0_640x640.jpg,images/Schwartz Cinnamon Sticks Jar.jpg,Food Cupboard,Food Cupboard>Cooking Ingredients>Spices>Cinnamon,Yes,https://www.ocado.com/products/316746011,4
Cadbury Drinking Hot Chocolate,£ 3.0,£ 0.4002 per 100g,https://www.ocado.com/productImages/374/374001011_0_640x640.jpg,images/Cadbury Drinking Hot Chocolate.jpg,Food Cupboard,"Food Cupboard>Tea, Coffee & Hot Drinks>Hot Chocolate & Malts>Hot Chocolate>Jars",Yes,https://www.ocado.com/products/374001011,10
McVitie's Jaffa Cakes Original,£ 1.6,£ 0.08 each,https://www.ocado.com/productImages/514/51464011_0_640x640.jpg,images/McVitie's Jaffa Cakes Original.jpg,Food Cupboard,Food Cupboard>Biscuits>Chocolate Biscuits>Jaffa Cakes,Yes,https://www.ocado.com/products/51464011,11
Off The Eaten Path Balsamic Vinegar Bean Sticks,£ 1.5,£ 1.5 per 100g,https://www.ocado.com/productImages/374/374086011_0_640x640.jpg,images/Off The Eaten Path Balsamic Vinegar Bean Sticks.jpg,Food Cupboard,"Dietary, Lifestyle & World Foods>Free From>Palm Oil Free>Treats>Snacks",Yes,https://www.ocado.com/products/374086011,128
Blue Dragon Coconut Milk,£ 1.0,£ 0.25 per 100ml,https://www.ocado.com/productImages/838/83854011_0_640x640.jpg,images/Blue Dragon Coconut Milk.jpg,Food Cupboard,Food Cupboard>Tins & Cans>Coconut Milk & Cream>Coconut Milk,Yes,https://www.ocado.com/products/83854011,17
Pringles Paprika,£ 2.5,£ 1.25 per 100g,https://www.ocado.com/productImages/647/64749011_0_640x640.jpg,images/Pringles Paprika.jpg,Food Cupboard,"Food Cupboard>Crisps, Snacks & Nuts>Crisps & Popcorn>Crisps for Sharing>Big Bags",Yes,https://www.ocado.com/products/64749011,16
Nestle Shreddies,£ 3.0,£ 0.3 per 100g,https://www.ocado.com/productImages/604/60452011_0_640x640.jpg,images/Nestle Shreddies.jpg,Food Cupboard,Food Cupboard>Breakfast Cereals>Family Cereal>Children's Cereal>Plain,Yes,https://www.ocado.com/products/60452011,10
M&S Hickory BBQ Flavour Nut Mix,£ 2.5,£ 0.835 per 100g,https://www.ocado.com/productImages/530/530601011_0_640x640.jpg,images/M&S Hickory BBQ Flavour Nut Mix.jpg,Food Cupboard,"Food Cupboard>Crisps, Snacks & Nuts>Nuts & Seeds>Nuts>Peanuts>Roasted",Yes,https://www.ocado.com/products/530601011,1
Bisto Reduced Salt Gravy Granules,£ 1.5,£ 0.882 per 100g,https://www.ocado.com/productImages/247/24720011_0_640x640.jpg,images/Bisto Reduced Salt Gravy Granules.jpg,Food Cupboard,Food Cupboard>Cooking Ingredients>Stocks & Gravies>Gravy>Granules & Powder,Yes,https://www.ocado.com/products/24720011,13
Doritos Tangy Cheese Tortilla Chips,£ 2.0,£ 1.11 per 100g,https://www.ocado.com/productImages/444/44466011_0_640x640.jpg,images/Doritos Tangy Cheese Tortilla Chips.jpg,Food Cupboard,"Food Cupboard>Crisps, Snacks & Nuts>Crisps & Popcorn>Crisps for Sharing>Tortilla Chips",Yes,https://www.ocado.com/products/44466011,14
Pipers Lye Cross Cheddar & Onion Crisps,£ 1.5,£ 1.0 per 100g,https://www.ocado.com/productImages/467/467832011_0_640x640.jpg,images/Pipers Lye Cross Cheddar & Onion Crisps.jpg,Food Cupboard,"Occasions & Entertaining>Entertain By Ocado>Shop By Category>Nibbles, Dips & Sides",Yes,https://www.ocado.com/products/467832011,85
Heinz Baked Beanz,£ 0.65,£ 0.325 per 100g,https://www.ocado.com/productImages/122/12278011_0_640x640.jpg,images/Heinz Baked Beanz.jpg,Food Cupboard,"Dietary, Lifestyle & World Foods>Vegetarian & Vegan>Vegan>Food Cupboard",Yes,https://www.ocado.com/products/12278011,1
Cadbury Dairy Milk Fruit & Nut,£ 1.5,£ 1.36 per 100g,https://www.ocado.com/productImages/290/290971011_0_640x640.jpg,images/Cadbury Dairy Milk Fruit & Nut.jpg,Food Cupboard,Food Cupboard>Chocolate & Sweets>Chocolate>Everyday Bars>Milk Chocolate,Yes,https://www.ocado.com/products/290971011,10
Cadbury Crunchie Multipack,£ 1.0,£ 0.78 per 100g,https://www.ocado.com/productImages/243/243941011_0_640x640.jpg,images/Cadbury Crunchie Multipack.jpg,Food Cupboard,Food Cupboard>Chocolate & Sweets>Chocolate>Multipacks,Yes,https://www.ocado.com/products/243941011,21
La Espanola Mild & Light Olive Oil,£ 2.7,£ 0.36 per 100ml,https://www.ocado.com/productImages/320/320031011_0_640x640.jpg,images/La Espanola Mild & Light Olive Oil.jpg,Food Cupboard,Food Cupboard>Cooking Ingredients>Oils>Olive Oil,Yes,https://www.ocado.com/products/320031011,51
Pringles Prawn Cocktail,£ 2.5,£ 1.25 per 100g,https://www.ocado.com/productImages/647/64753011_0_640x640.jpg,images/Pringles Prawn Cocktail.jpg,Food Cupboard,"Food Cupboard>Crisps, Snacks & Nuts>Crisps & Popcorn>Crisps for Sharing>Big Bags",Yes,https://www.ocado.com/products/64753011,9
Tuc Snack Crackers,£ 1.4,£ 0.933 per 100g,https://www.ocado.com/productImages/102/10265011_0_640x640.jpg,images/Tuc Snack Crackers.jpg,Food Cupboard,Food Cupboard>Crackers & Crispbreads>Biscuits for Cheese,Yes,https://www.ocado.com/products/10265011,18
Carr's Melts,£ 1.5,£ 1.0 per 100g,https://www.ocado.com/productImages/237/23722011_0_640x640.jpg,images/Carr's Melts.jpg,Food Cupboard,Food Cupboard>Crackers & Crispbreads>Biscuits for Cheese,Yes,https://www.ocado.com/products/23722011,19
Cadbury Wispa,£ 1.0,£ 0.833 per 100g,https://www.ocado.com/productImages/280/280975011_0_640x640.jpg,images/Cadbury Wispa.jpg,Food Cupboard,Food Cupboard>Chocolate & Sweets>Chocolate>Multipacks,Yes,https://www.ocado.com/products/280975011,15
Kikkoman Soy Sauce,£ 2.0,£ 1.336 per 100ml,https://www.ocado.com/productImages/140/14006011_0_640x640.jpg,images/Kikkoman Soy Sauce.jpg,Food Cupboard,"Dietary, Lifestyle & World Foods>World Foods>Japanese>Seasonings & Sauces",Yes,https://www.ocado.com/products/14006011,43
Metcalfe's Sweet & Salt Popcorn Sharing Bag,£ 1.0,£ 1.25 per 100g,https://www.ocado.com/productImages/100/100035011_0_640x640.jpg,images/Metcalfe's Sweet & Salt Popcorn Sharing Bag.jpg,Food Cupboard,"Dietary, Lifestyle & World Foods>Free From>Palm Oil Free>Treats>Snacks",Yes,https://www.ocado.com/products/100035011,50
Walkers Classic Variety Crisps 25g x,£ 4.0,£ 0.167 each,https://www.ocado.com/productImages/184/18458011_0_640x640.jpg,images/Walkers Classic Variety Crisps 25g x.jpg,Food Cupboard,"Food Cupboard>Crisps, Snacks & Nuts>Crisps & Popcorn>Multipack Crisps>Assorted Flavours",Yes,https://www.ocado.com/products/18458011,11
Kellogg's Rice Krispies,£ 1.25,£ 0.3676 per 100g,https://www.ocado.com/productImages/599/59999011_0_640x640.jpg,images/Kellogg's Rice Krispies.jpg,Food Cupboard,"Dietary, Lifestyle & World Foods>Free From>Palm Oil Free>Breakfast>Cereal",Yes,https://www.ocado.com/products/59999011,7
M&S Biscuits for Cheese Tin,£ 3.66,£ 1.2777 per 100g,https://www.ocado.com/productImages/528/528957011_0_640x640.jpg,images/M&S Biscuits for Cheese Tin.jpg,Food Cupboard,Food Cupboard>Crackers & Crispbreads>Biscuits for Cheese,Yes,https://www.ocado.com/products/528957011,
Amoy Straight To Wok Udon Thick Noodles,£ 1.8,£ 0.6 per 100g,https://www.ocado.com/productImages/503/50326011_0_640x640.jpg,images/Amoy Straight To Wok Udon Thick Noodles.jpg,Food Cupboard,"Food Cupboard>Cooking Sauces & Kits>Stir Fry, Thai & Chinese>Noodles & Rice>Wet Noodles",Yes,https://www.ocado.com/products/50326011,37
Doritos Salsa Hot Dip,£ 1.25,£ 0.4165 per 100g,https://www.ocado.com/productImages/397/39714011_0_640x640.jpg,images/Doritos Salsa Hot Dip.jpg,Food Cupboard,"Food Cupboard>Crisps, Snacks & Nuts>Crisps & Popcorn>Dips",Yes,https://www.ocado.com/products/39714011,10
Whitworths Ground Almonds,£ 2.0,£ 1.33 per 100g,https://www.ocado.com/productImages/275/275684011_0_640x640.jpg,images/Whitworths Ground Almonds.jpg,Food Cupboard,"Food Cupboard>Sugar & Home Baking>Nuts & Seeds>Almonds, Hazelnuts & Pistachios>Almonds",Yes,https://www.ocado.com/products/275684011,12
Schar Gluten Free Pretzels,£ 0.75,£ 1.2525 per 100g,https://www.ocado.com/productImages/260/260333011_0_640x640.jpg,images/Schar Gluten Free Pretzels.jpg,Food Cupboard,Food Cupboard>Crackers & Crispbreads>Breadsticks & Nibbles>Pretzels,Yes,https://www.ocado.com/products/260333011,17
Biona Organic Whole Cherry Tomatoes,£ 1.39,£ 0.348 per 100g,https://www.ocado.com/productImages/513/51370011_0_640x640.jpg,images/Biona Organic Whole Cherry Tomatoes.jpg,Food Cupboard,"Dietary, Lifestyle & World Foods>Organic>Food Cupboard>Tins & Cans",Yes,https://www.ocado.com/products/51370011,16
HP Sauce Topdown,£ 2.3,£ 0.511 per 100g,https://www.ocado.com/productImages/406/40681011_0_640x640.jpg,images/HP Sauce Topdown.jpg,Food Cupboard,Food Cupboard>Condiments & Dressings>Condiments>Brown Sauces,Yes,https://www.ocado.com/products/40681011,15
Urban Fruit Gently Baked Mango,£ 2.1,£ 2.1 per 100g,https://www.ocado.com/productImages/634/63429011_0_640x640.jpg,images/Urban Fruit Gently Baked Mango.jpg,Food Cupboard,"Dietary, Lifestyle & World Foods>Free From>Palm Oil Free>Treats>Snacks",Yes,https://www.ocado.com/products/63429011,76
Quaker Oat So Simple Original Porridge 27g x ,£ 2.75,£ 0.229 each,https://www.ocado.com/productImages/192/19270011_0_640x640.jpg,images/Quaker Oat So Simple Original Porridge 27g x .jpg,Food Cupboard,"Dietary, Lifestyle & World Foods>Free From>Palm Oil Free>Breakfast>Porridge",Yes,https://www.ocado.com/products/19270011,36
Quaker Rolled Oats Porridge,£ 2.0,£ 0.2 per 100g,https://www.ocado.com/productImages/180/18047011_0_640x640.jpg,images/Quaker Rolled Oats Porridge.jpg,Food Cupboard,"Dietary, Lifestyle & World Foods>Free From>Palm Oil Free>Breakfast>Porridge",Yes,https://www.ocado.com/products/18047011,24
McVitie's Penguin,£ 1.11,£ 0.5638 per 100g,https://www.ocado.com/productImages/281/281998011_0_640x640.jpg,images/McVitie's Penguin.jpg,Food Cupboard,Food Cupboard>Biscuits>Chocolate Biscuit Bars,Yes,https://www.ocado.com/products/281998011,8
Rowse Organic Squeezable Honey,£ 2.5,£ 0.7356 per 100g,https://www.ocado.com/productImages/213/21398011_0_640x640.jpg,images/Rowse Organic Squeezable Honey.jpg,Food Cupboard,"Dietary, Lifestyle & World Foods>Organic>Food Cupboard>Home Baking>Sugar, Honey & Sweeteners>Honey",Yes,https://www.ocado.com/products/21398011,11
Taylors Rich Italian Dark Roast Ground Coffee,£ 3.75,£ 1.65 per 100g,https://www.ocado.com/productImages/199/19985011_0_640x640.jpg,images/Taylors Rich Italian Dark Roast Ground Coffee.jpg,Food Cupboard,"Food Cupboard>Tea, Coffee & Hot Drinks>Coffee>Ground>All Coffee Makers",Yes,https://www.ocado.com/products/19985011,27
Cadbury Dairy Milk Whole Nut,£ 1.5,£ 1.25 per 100g,https://www.ocado.com/productImages/290/290969011_0_640x640.jpg,images/Cadbury Dairy Milk Whole Nut.jpg,Food Cupboard,Food Cupboard>Chocolate & Sweets>Chocolate>Everyday Bars>Milk Chocolate,Yes,https://www.ocado.com/products/290969011,10
Bisto Gravy Granules,£ 1.5,£ 0.882 per 100g,https://www.ocado.com/productImages/111/11103011_0_640x640.jpg,images/Bisto Gravy Granules.jpg,Food Cupboard,Food Cupboard>Cooking Ingredients>Stocks & Gravies>Gravy>Granules & Powder,Yes,https://www.ocado.com/products/11103011,12
Yorkshire Gold Teabags,£ 2.5,£ 0.0313 each,https://www.ocado.com/productImages/131/13167011_0_640x640.jpg,images/Yorkshire Gold Teabags.jpg,Food Cupboard,"Food Cupboard>Tea, Coffee & Hot Drinks>Tea>Everyday",Yes,https://www.ocado.com/products/13167011,34
Carnation Sweetened Condensed Milk,£ 1.0,£ 0.2518 per 100g,https://www.ocado.com/productImages/140/14045011_0_640x640.jpg,images/Carnation Sweetened Condensed Milk.jpg,Food Cupboard,Food Cupboard>Brands We Love>Home Baking>Essential Ingredients,Yes,https://www.ocado.com/products/14045011,11
Eat Real Lentil Sea Salt Chips,£ 1.0,£ 0.8833 per 100g,https://www.ocado.com/productImages/504/504886011_0_640x640.jpg,images/Eat Real Lentil Sea Salt Chips.jpg,Food Cupboard,"Dietary, Lifestyle & World Foods>Free From>Gluten Free>Snacks",Yes,https://www.ocado.com/products/504886011,5
Doritos Hint of Lime Tortilla Chips,£ 1.25,£ 0.545 per 100g,https://www.ocado.com/productImages/444/44485011_0_640x640.jpg,images/Doritos Hint of Lime Tortilla Chips.jpg,Food Cupboard,"Food Cupboard>Crisps, Snacks & Nuts>Crisps & Popcorn>Crisps for Sharing>Tortilla Chips",Yes,https://www.ocado.com/products/44485011,19
Lindt Lindor Milk Truffles,£ 6.0,£ 1.7838 per 100g,https://www.ocado.com/productImages/290/29055011_0_640x640.jpg,images/Lindt Lindor Milk Truffles.jpg,Food Cupboard,Food Cupboard>Chocolate & Sweets>Chocolate>Boxes & Gifts>Small Gift Boxes,Yes,https://www.ocado.com/products/29055011,8
Lindt Excellence Intense Dark Mint Chocolate,£ 2.0,£ 2.0 per 100g,https://www.ocado.com/productImages/506/50641011_0_640x640.jpg,images/Lindt Excellence Intense Dark Mint Chocolate.jpg,Food Cupboard,"Dietary, Lifestyle & World Foods>Free From>Palm Oil Free>Treats>Chocolate",Yes,https://www.ocado.com/products/50641011,19
Colman's Original English Mustard ,£ 1.1,£ 1.1 per 100g,https://www.ocado.com/productImages/110/11076011_0_640x640.jpg,images/Colman's Original English Mustard .jpg,Food Cupboard,Food Cupboard>Condiments & Dressings>Condiments>Mustard>English Mustard,Yes,https://www.ocado.com/products/11076011,37
John West Tuna Chunks in Sunflower Oil,£ 5.0,£ 0.862 per 100g,https://www.ocado.com/productImages/401/401885011_0_640x640.jpg,images/John West Tuna Chunks in Sunflower Oil.jpg,Food Cupboard,Food Cupboard>Tins & Cans>Fish>Tuna>Multipacks,Yes,https://www.ocado.com/products/401885011,45
McVitie's Milk Chocolate Hobnobs,£ 1.5,£ 0.573 per 100g,https://www.ocado.com/productImages/383/38383011_0_640x640.jpg,images/McVitie's Milk Chocolate Hobnobs.jpg,Food Cupboard,Food Cupboard>Biscuits>Bestsellers,Yes,https://www.ocado.com/products/38383011,10
The Spice Tailor Original Tikka Masala Curry Kit,£ 1.45,£ 0.4835 per 100g,https://www.ocado.com/productImages/723/72390011_0_640x640.jpg,images/The Spice Tailor Original Tikka Masala Curry Kit.jpg,Food Cupboard,Big Night In>Curry Night In,Yes,https://www.ocado.com/products/72390011,99
Eat Wholesome Organic Chick Peas,£ 1.39,£ 0.348 per 100g,https://www.ocado.com/productImages/430/430407011_0_640x640.jpg,images/Eat Wholesome Organic Chick Peas.jpg,Food Cupboard,Food Cupboard>Tins & Cans>Beans & Pulses>Chickpeas,Yes,https://www.ocado.com/products/430407011,12
Sensations Thai Sweet Chilli Crisps 25g x,£ 1.85,£ 0.37 each,https://www.ocado.com/productImages/324/324415011_0_640x640.jpg,images/Sensations Thai Sweet Chilli Crisps 25g x.jpg,Food Cupboard,"Food Cupboard>Crisps, Snacks & Nuts>Crisps & Popcorn>Multipack Crisps>Single Flavour",Yes,https://www.ocado.com/products/324415011,13
Maryland Chocolate Chip Cookies,£ 1.0,£ 0.4346 per 100g,https://www.ocado.com/productImages/102/10235011_0_640x640.jpg,images/Maryland Chocolate Chip Cookies.jpg,Food Cupboard,Food Cupboard>Biscuits>Cookies,Yes,https://www.ocado.com/products/10235011,14
Wonderful Pistachios Roasted & Salted,£ 5.49,£ 1.2181 per 100g,https://www.ocado.com/productImages/342/342548011_0_640x640.jpg,images/Wonderful Pistachios Roasted & Salted.jpg,Food Cupboard,"Dietary, Lifestyle & World Foods>Halal>Snacks>Savoury Snacks",Yes,https://www.ocado.com/products/342548011,25
Corn Flakes,£ 1.25,£ 0.2776 per 100g,https://www.ocado.com/productImages/345/345253011_0_640x640.jpg,images/Corn Flakes.jpg,Food Cupboard,"Dietary, Lifestyle & World Foods>Free From>Palm Oil Free>Breakfast>Cereal",Yes,https://www.ocado.com/products/345253011,7
Heinz Beanz No Added Sugar,£ 1.25,£ 0.2081 per 100g,https://www.ocado.com/productImages/365/365941011_0_640x640.jpg,images/Heinz Beanz No Added Sugar.jpg,Food Cupboard,"Dietary, Lifestyle & World Foods>Vegetarian & Vegan>Vegan>Food Cupboard",Yes,https://www.ocado.com/products/365941011,24
Lindt Excellence Dark Caramel & Sea Salt,£ 2.0,£ 2.0 per 100g,https://www.ocado.com/productImages/629/62950011_0_640x640.jpg,images/Lindt Excellence Dark Caramel & Sea Salt.jpg,Food Cupboard,"Dietary, Lifestyle & World Foods>Free From>Palm Oil Free>Treats>Chocolate",Yes,https://www.ocado.com/products/62950011,40
Barilla Tortiglioni,£ 1.5,£ 0.3 per 100g,https://www.ocado.com/productImages/301/301665011_0_640x640.jpg,images/Barilla Tortiglioni.jpg,Food Cupboard,"Food Cupboard>Rice, Pasta & Pulses>Pasta>Macaroni & Tubes",Yes,https://www.ocado.com/products/301665011,22
Green Giant Salt Free Sweetcorn,£ 2.5,£ 0.316 per 100g,https://www.ocado.com/productImages/774/77467011_0_640x640.jpg,images/Green Giant Salt Free Sweetcorn.jpg,Food Cupboard,"Dietary, Lifestyle & World Foods>Free From>Salt Free",Yes,https://www.ocado.com/products/77467011,17
Bisto Best Beef Gravy ,£ 2.9,£ 1.16 per 100g,https://www.ocado.com/productImages/111/11105011_0_640x640.jpg,images/Bisto Best Beef Gravy .jpg,Food Cupboard,Food Cupboard>Cooking Ingredients>Stocks & Gravies>Gravy>Granules & Powder,Yes,https://www.ocado.com/products/11105011,30
Heinz Cream of Chicken Soup,£ 0.95,£ 0.238 per 100g,https://www.ocado.com/productImages/409/409283011_0_640x640.jpg,images/Heinz Cream of Chicken Soup.jpg,Food Cupboard,Food Cupboard>Tins & Cans>Soup>Chicken Soup,Yes,https://www.ocado.com/products/409283011,1
Menier Milk Chocolate ,£ 1.0,£ 1.0 per 100g,https://www.ocado.com/productImages/499/49948011_0_640x640.jpg,images/Menier Milk Chocolate .jpg,Food Cupboard,Food Cupboard>Sugar & Home Baking>Cooking Chocolate & Cacao>Cooking Chocolate,Yes,https://www.ocado.com/products/49948011,39
Maltesers Chocolate More to Share Pouch Bag ,£ 1.99,£ 1.05 per 100g,https://www.ocado.com/productImages/468/46810011_0_640x640.jpg,images/Maltesers Chocolate More to Share Pouch Bag .jpg,Food Cupboard,Food Cupboard>Chocolate & Sweets>Chocolate>Sharing Pouches,Yes,https://www.ocado.com/products/46810011,41
La Espanola Olive Oil,£ 2.7,£ 0.36 per 100ml,https://www.ocado.com/productImages/320/320030011_0_640x640.jpg,images/La Espanola Olive Oil.jpg,Food Cupboard,Food Cupboard>Cooking Ingredients>Oils>Olive Oil,Yes,https://www.ocado.com/products/320030011,39
Knorr Chicken Stock Cubes,£ 1.5,£ 1.88 per 100g,https://www.ocado.com/productImages/111/11115011_0_640x640.jpg,images/Knorr Chicken Stock Cubes.jpg,Food Cupboard,Food Cupboard>Cooking Ingredients>Stocks & Gravies>Stocks>Chicken Stock,Yes,https://www.ocado.com/products/11115011,21
Kellogg's Rice Krispies Multi-Grain Shapes,£ 3.0,£ 0.857 per 100g,https://www.ocado.com/productImages/265/26521011_0_640x640.jpg,images/Kellogg's Rice Krispies Multi-Grain Shapes.jpg,Food Cupboard,Food Cupboard>Breakfast Cereals>Family Cereal>Multigrain Shapes,Yes,https://www.ocado.com/products/26521011,45
Peter's Yard Sourdough Crackers Selection,£ 4.79,£ 1.8072 per 100g,https://www.ocado.com/productImages/330/330210011_0_640x640.jpg,images/Peter's Yard Sourdough Crackers Selection.jpg,Food Cupboard,Food Cupboard>Crackers & Crispbreads>Biscuits for Cheese,Yes,https://www.ocado.com/products/330210011,45
Walkers French Fries Ready Salted Snacks 18g x ,£ 1.5,£ 0.25 each,https://www.ocado.com/productImages/345/345634011_0_640x640.jpg,images/Walkers French Fries Ready Salted Snacks 18g x .jpg,Food Cupboard,"Food Cupboard>Crisps, Snacks & Nuts>Crisps & Popcorn>Multipack Crisps>Single Flavour",Yes,https://www.ocado.com/products/345634011,6
Kellogg's Special K Red Berries,£ 3.0,£ 0.6 per 100g,https://www.ocado.com/productImages/225/22561011_0_640x640.jpg,images/Kellogg's Special K Red Berries.jpg,Food Cupboard,"Dietary, Lifestyle & World Foods>Free From>Palm Oil Free>Breakfast>Cereal",Yes,https://www.ocado.com/products/22561011,18
Green & Black's Fairtrade Organic Hot Chocolate,£ 2.88,£ 0.96 per 100g,https://www.ocado.com/productImages/201/20163011_0_640x640.jpg,images/Green & Black's Fairtrade Organic Hot Chocolate.jpg,Food Cupboard,"Dietary, Lifestyle & World Foods>Organic>Drinks>Hot Drinks",Yes,https://www.ocado.com/products/20163011,118
Kellogg's Special K Original,£ 3.0,£ 0.6 per 100g,https://www.ocado.com/productImages/294/294557011_0_640x640.jpg,images/Kellogg's Special K Original.jpg,Food Cupboard,"Dietary, Lifestyle & World Foods>Free From>Palm Oil Free>Breakfast>Cereal",Yes,https://www.ocado.com/products/294557011,10
Heinz Beanz No Sugar Added,£ 0.65,£ 0.325 per 100g,https://www.ocado.com/productImages/366/366616011_0_640x640.jpg,images/Heinz Beanz No Sugar Added.jpg,Food Cupboard,"Dietary, Lifestyle & World Foods>Vegetarian & Vegan>Vegan>Food Cupboard",Yes,https://www.ocado.com/products/366616011,14
Hotel Chocolat Pink Champagne Chocolate Truffles Selector,£ 3.95,£ 5.64 per 100g,https://www.ocado.com/productImages/457/457530011_0_640x640.jpg,images/Hotel Chocolat Pink Champagne Chocolate Truffles Selector.jpg,Food Cupboard,Food Cupboard>Chocolate & Sweets>Chocolate>Boxes & Gifts>Small Gift Boxes,Yes,https://www.ocado.com/products/457530011,5
McVitie's Club Orange,£ 1.16,£ 0.6448 per 100g,https://www.ocado.com/productImages/383/38377011_0_640x640.jpg,images/McVitie's Club Orange.jpg,Food Cupboard,Food Cupboard>Biscuits>Chocolate Biscuit Bars,Yes,https://www.ocado.com/products/38377011,12
Peperami Mini Original ,£ 2.75,£ 2.75 per 100g,https://www.ocado.com/productImages/152/15288011_0_640x640.jpg,images/Peperami Mini Original .jpg,Food Cupboard,"Food Cupboard>Crisps, Snacks & Nuts>Meat Snacks>Chorizo & Salami>Salami",Yes,https://www.ocado.com/products/15288011,14
Walkers Oven Baked Salt & Vinegar Snacks 25g x,£ 1.5,£ 0.25 each,https://www.ocado.com/productImages/328/32864011_0_640x640.jpg,images/Walkers Oven Baked Salt & Vinegar Snacks 25g x.jpg,Food Cupboard,"Food Cupboard>Crisps, Snacks & Nuts>Crisps & Popcorn>Multipack Crisps>Single Flavour",Yes,https://www.ocado.com/products/32864011,60
Ryvita Multi Seed Thins,£ 2.0,£ 1.6 per 100g,https://www.ocado.com/productImages/495/49561011_0_640x640.jpg,images/Ryvita Multi Seed Thins.jpg,Food Cupboard,Food Cupboard>Crackers & Crispbreads>Crispbreads & Flatbreads>Flatbreads,Yes,https://www.ocado.com/products/49561011,46
Sharwood's Medium Egg Noodles,£ 1.79,£ 0.526 per 100g,https://www.ocado.com/productImages/298/29888011_0_640x640.jpg,images/Sharwood's Medium Egg Noodles.jpg,Food Cupboard,"Food Cupboard>Cooking Sauces & Kits>Stir Fry, Thai & Chinese>Noodles & Rice>Dry Noodles",Yes,https://www.ocado.com/products/29888011,6
Sensations Peking Spare Rib Crackers,£ 0.99,£ 0.9005 per 100g,https://www.ocado.com/productImages/444/44478011_0_640x640.jpg,images/Sensations Peking Spare Rib Crackers.jpg,Food Cupboard,"Food Cupboard>Crisps, Snacks & Nuts>Crisps & Popcorn>Crisps for Sharing>Big Bags",Yes,https://www.ocado.com/products/44478011,26
Pipers Atlas Mountains Wild Thyme & Rosemary Crisps,£ 1.5,£ 1.002 per 100g,https://www.ocado.com/productImages/467/467837011_0_640x640.jpg,images/Pipers Atlas Mountains Wild Thyme & Rosemary Crisps.jpg,Food Cupboard,"Occasions & Entertaining>Entertain By Ocado>Shop By Category>Nibbles, Dips & Sides",Yes,https://www.ocado.com/products/467837011,110
Kellogg's All-Bran,£ 1.24,£ 0.248 per 100g,https://www.ocado.com/productImages/235/23519011_0_640x640.jpg,images/Kellogg's All-Bran.jpg,Food Cupboard,"Dietary, Lifestyle & World Foods>Free From>Palm Oil Free>Breakfast>Cereal",Yes,https://www.ocado.com/products/23519011,24
Walkers Cheese & Onion Crisps 25g x,£ 2.0,£ 0.1668 each,https://www.ocado.com/productImages/444/44479011_0_640x640.jpg,images/Walkers Cheese & Onion Crisps 25g x.jpg,Food Cupboard,"Food Cupboard>Crisps, Snacks & Nuts>Crisps & Popcorn>Multipack Crisps>Single Flavour",Yes,https://www.ocado.com/products/44479011,7
Walkers Smoky Bacon Crisps,£ 1.5,£ 0.25 each,https://www.ocado.com/productImages/328/32866011_0_640x640.jpg,images/Walkers Smoky Bacon Crisps.jpg,Food Cupboard,"Food Cupboard>Crisps, Snacks & Nuts>Crisps & Popcorn>Multipack Crisps>Single Flavour",Yes,https://www.ocado.com/products/32866011,8
Cadbury Fingers Chocolate Biscuits,£ 1.65,£ 1.45 per 100g,https://www.ocado.com/productImages/534/534207011_0_640x640.jpg,images/Cadbury Fingers Chocolate Biscuits.jpg,Food Cupboard,"New Year's Party>Crisps, Dips & Snacks",Yes,https://www.ocado.com/products/534207011,1
Amoy Straight To Wok Medium Noodles,£ 1.8,£ 0.6 per 100g,https://www.ocado.com/productImages/116/11696011_0_640x640.jpg,images/Amoy Straight To Wok Medium Noodles.jpg,Food Cupboard,"Food Cupboard>Cooking Sauces & Kits>Stir Fry, Thai & Chinese>Noodles & Rice>Wet Noodles",Yes,https://www.ocado.com/products/11696011,12
Gefen Organic Chestnuts,£ 1.87,£ 1.2492 per 100g,https://www.ocado.com/productImages/504/50450011_0_640x640.jpg,images/Gefen Organic Chestnuts.jpg,Food Cupboard,Food Cupboard>Cooking Ingredients>Sundried Tomatoes & Cooking Ingredients>Chestnuts,Yes,https://www.ocado.com/products/50450011,27
Green & Black's Velvet 70% Dark Chocolate,£ 1.95,£ 2.17 per 100g,https://www.ocado.com/productImages/385/385672011_0_640x640.jpg,images/Green & Black's Velvet 70% Dark Chocolate.jpg,Food Cupboard,"Dietary, Lifestyle & World Foods>Free From>Palm Oil Free>Treats>Chocolate",Yes,https://www.ocado.com/products/385672011,31
Elizabeth Shaw Dark Mint Crisp Chocolates,£ 3.5,£ 2.0 per 100g,https://www.ocado.com/productImages/214/21474011_0_640x640.jpg,images/Elizabeth Shaw Dark Mint Crisp Chocolates.jpg,Food Cupboard,"Dietary, Lifestyle & World Foods>Free From>Palm Oil Free>Treats>Chocolate",Yes,https://www.ocado.com/products/21474011,14
Sharwood's Green Label Mango Chutney,£ 1.85,£ 0.514 per 100g,https://www.ocado.com/productImages/139/13900011_0_640x640.jpg,images/Sharwood's Green Label Mango Chutney.jpg,Food Cupboard,Big Night In>Curry Night In,Yes,https://www.ocado.com/products/13900011,30
Mikado Milk Chocolate Biscuits,£ 1.45,£ 1.93 per 100g,https://www.ocado.com/productImages/475/47598011_0_640x640.jpg,images/Mikado Milk Chocolate Biscuits.jpg,Food Cupboard,Food Cupboard>Biscuits>Chocolate Biscuits>Chocolate Fingers,Yes,https://www.ocado.com/products/47598011,183
Kellogg's Special K Original,£ 3.0,£ 0.4003 per 100g,https://www.ocado.com/productImages/368/36859011_0_640x640.jpg,images/Kellogg's Special K Original.jpg,Food Cupboard,"Dietary, Lifestyle & World Foods>Free From>Palm Oil Free>Breakfast>Cereal",Yes,https://www.ocado.com/products/36859011,110
Heinz Vegetable Soup,£ 0.95,£ 0.238 per 100g,https://www.ocado.com/productImages/134/13443011_0_640x640.jpg,images/Heinz Vegetable Soup.jpg,Food Cupboard,Food Cupboard>Tins & Cans>Soup>Vegetable Soup>Cans,Yes,https://www.ocado.com/products/13443011,13
Knorr Chicken Gravy Pot,£ 1.9,£ 1.7 per 100g,https://www.ocado.com/productImages/803/80351011_0_640x640.jpg,images/Knorr Chicken Gravy Pot.jpg,Food Cupboard,"Dietary, Lifestyle & World Foods>Free From>Palm Oil Free>Meals & Ingredients>Ingredients>Stocks & Gravy>Stocks",Yes,https://www.ocado.com/products/80351011,29
Bisto for Chicken Gravy Granules,£ 1.5,£ 0.882 per 100g,https://www.ocado.com/productImages/111/11101011_0_640x640.jpg,images/Bisto for Chicken Gravy Granules.jpg,Food Cupboard,Food Cupboard>Cooking Ingredients>Stocks & Gravies>Gravy>Granules & Powder,Yes,https://www.ocado.com/products/11101011,12
Colman's Horseradish Sauce,£ 1.0,£ 0.735 per 100g,https://www.ocado.com/productImages/367/367927011_0_640x640.jpg,images/Colman's Horseradish Sauce.jpg,Food Cupboard,Food Cupboard>Condiments & Dressings>Condiments>Table Sauces>Horseradish Sauce,Yes,https://www.ocado.com/products/367927011,10
M&S Percy Pig Phizzy Pigtails,£ 1.65,£ 0.971 per 100g,https://www.ocado.com/productImages/512/512840011_0_640x640.jpg,images/M&S Percy Pig Phizzy Pigtails.jpg,Food Cupboard,M&S at Ocado>Iconic Products,Yes,https://www.ocado.com/products/512840011,7
Schwartz Ground Cinnamon Jar,£ 1.6,£ 0.41 per 10g,https://www.ocado.com/productImages/316/316733011_0_640x640.jpg,images/Schwartz Ground Cinnamon Jar.jpg,Food Cupboard,Food Cupboard>Cooking Ingredients>Spices>Cinnamon,Yes,https://www.ocado.com/products/316733011,15
Walkers Monster Munch Pickled Onion Snacks 22g x ,£ 1.5,£ 0.25 each,https://www.ocado.com/productImages/493/49391011_0_640x640.jpg,images/Walkers Monster Munch Pickled Onion Snacks 22g x .jpg,Food Cupboard,"Food Cupboard>Crisps, Snacks & Nuts>Crisps & Popcorn>Multipack Crisps>Single Flavour",Yes,https://www.ocado.com/products/49391011,21
Properchips Sea Salt Lentil Tortilla chip,£ 0.85,£ 4.25 per 100g,https://www.ocado.com/productImages/471/471848011_0_640x640.jpg,images/Properchips Sea Salt Lentil Tortilla chip.jpg,Food Cupboard,"Food Cupboard>Crisps, Snacks & Nuts>Under 100 Calories>Crisps",Yes,https://www.ocado.com/products/471848011,15
Eat Real Veggie & Kale Straws,£ 1.0,£ 0.8827 per 100g,https://www.ocado.com/productImages/372/372516011_0_640x640.jpg,images/Eat Real Veggie & Kale Straws.jpg,Food Cupboard,"Dietary, Lifestyle & World Foods>Free From>Palm Oil Free>Treats>Snacks",Yes,https://www.ocado.com/products/372516011,29
Walkers Oven Baked Cheese & Onion Snacks 25g x ,£ 1.5,£ 0.25 each,https://www.ocado.com/productImages/328/32867011_0_640x640.jpg,images/Walkers Oven Baked Cheese & Onion Snacks 25g x .jpg,Food Cupboard,"Food Cupboard>Crisps, Snacks & Nuts>Crisps & Popcorn>Multipack Crisps>Single Flavour",Yes,https://www.ocado.com/products/32867011,14
Ambrosia Low Fat Custard,£ 2.0,£ 0.267 per 100g,https://www.ocado.com/productImages/393/393594011_0_640x640.jpg,images/Ambrosia Low Fat Custard.jpg,Food Cupboard,Food Cupboard>Sugar & Home Baking>Custard>Ready Made,Yes,https://www.ocado.com/products/393594011,2
Riso Scotti Carnaroli Risotto Rice,£ 1.3,£ 0.26 per 100g,https://www.ocado.com/productImages/360/360606011_0_640x640.jpg,images/Riso Scotti Carnaroli Risotto Rice.jpg,Food Cupboard,"Food Cupboard>Rice, Pasta & Pulses>Dry Rice>Risotto",Yes,https://www.ocado.com/products/360606011,39
Nature Valley Crunchy Oats & Honey Cereal Bars,£ 2.39,£ 1.14 per 100g,https://www.ocado.com/productImages/281/28131011_0_640x640.jpg,images/Nature Valley Crunchy Oats & Honey Cereal Bars.jpg,Food Cupboard,"Dietary, Lifestyle & World Foods>Free From>Palm Oil Free>Breakfast>Cereal Bars",Yes,https://www.ocado.com/products/28131011,19
Farchioni Il Casolare Extra Virgin Olive Oil,£ 6.46,£ 0.646 per 100ml,https://www.ocado.com/productImages/322/322164011_0_640x640.jpg,images/Farchioni Il Casolare Extra Virgin Olive Oil.jpg,Food Cupboard,"Dietary, Lifestyle & World Foods>World Foods>Italian>Oils & Vinegars>Olive Oil",Yes,https://www.ocado.com/products/322164011,76
Lindt Lindor Assorted Truffles,£ 6.0,£ 1.7838 per 100g,https://www.ocado.com/productImages/290/29054011_0_640x640.jpg,images/Lindt Lindor Assorted Truffles.jpg,Food Cupboard,Food Cupboard>Chocolate & Sweets>Chocolate>Boxes & Gifts>Small Gift Boxes,Yes,https://www.ocado.com/products/29054011,8
Walkers Oven Baked Variety Snacks 25g x,£ 1.5,£ 0.25 each,https://www.ocado.com/productImages/328/32861011_0_640x640.jpg,images/Walkers Oven Baked Variety Snacks 25g x.jpg,Food Cupboard,"Food Cupboard>Crisps, Snacks & Nuts>Crisps & Popcorn>Multipack Crisps>Low Fat",Yes,https://www.ocado.com/products/32861011,17
Bisto for Chicken Gravy Granules ,£ 2.0,£ 0.5711 per 100g,https://www.ocado.com/productImages/184/18401011_0_640x640.jpg,images/Bisto for Chicken Gravy Granules .jpg,Food Cupboard,Food Cupboard>Cooking Ingredients>Stocks & Gravies>Gravy>Granules & Powder,Yes,https://www.ocado.com/products/18401011,5
Jacob's Cheddars,£ 1.29,£ 0.86 per 100g,https://www.ocado.com/productImages/102/10272011_0_640x640.jpg,images/Jacob's Cheddars.jpg,Food Cupboard,Food Cupboard>Crackers & Crispbreads>Breadsticks & Nibbles>Nibbles & Bites,Yes,https://www.ocado.com/products/10272011,6
Doritos Chilli Heatwave Tortilla Chips 30g x,£ 1.5,£ 0.25 each,https://www.ocado.com/productImages/900/90040011_0_640x640.jpg,images/Doritos Chilli Heatwave Tortilla Chips 30g x.jpg,Food Cupboard,"Dietary, Lifestyle & World Foods>Free From>Palm Oil Free>Treats>Snacks",Yes,https://www.ocado.com/products/90040011,12
Kiddylicious Strawberry & Banana Smoothie Melts,£ 0.6,£ 10.0 per 100g,https://www.ocado.com/productImages/738/73868011_0_640x640.jpg,images/Kiddylicious Strawberry & Banana Smoothie Melts.jpg,Food Cupboard,"Food Cupboard>Crisps, Snacks & Nuts>Toddler Snacks",Yes,https://www.ocado.com/products/73868011,7
East End Coconut Milk Light,£ 1.15,£ 0.2875 per 100ml,https://www.ocado.com/productImages/373/373191011_0_640x640.jpg,images/East End Coconut Milk Light.jpg,Food Cupboard,Food Cupboard>Tins & Cans>Coconut Milk & Cream>Coconut Milk,Yes,https://www.ocado.com/products/373191011,19
Tilda Microwave Fragrant Jasmine Rice,£ 1.59,£ 0.636 per 100g,https://www.ocado.com/productImages/474/474555011_0_640x640.jpg,images/Tilda Microwave Fragrant Jasmine Rice.jpg,Food Cupboard,"Food Cupboard>Rice, Pasta & Pulses>Heat to Eat>Cooked Rice>Oriental",Yes,https://www.ocado.com/products/474555011,54
The Cherry Tree Cheeseboard Chutney,£ 3.95,£ 1.32 per 100g,https://www.ocado.com/productImages/493/493955011_0_640x640.jpg,images/The Cherry Tree Cheeseboard Chutney.jpg,Food Cupboard,"Food Cupboard>Condiments & Dressings>Condiments>Chutneys, Pickle & Relishes>Chutneys>Mango & Fruit Chutneys>Fruit Chutney",Yes,https://www.ocado.com/products/493955011,21
Dr. Oetker Extra Dark 72% Chocolate Bar,£ 1.7,£ 1.13 per 100g,https://www.ocado.com/productImages/439/439821011_0_640x640.jpg,images/Dr. Oetker Extra Dark 72% Chocolate Bar.jpg,Food Cupboard,Food Cupboard>Chocolate & Sweets>Chocolate>Small Individual Bars,Yes,https://www.ocado.com/products/439821011,6
Corn Flakes,£ 2.4,£ 0.333 per 100g,https://www.ocado.com/productImages/345/345250011_0_640x640.jpg,images/Corn Flakes.jpg,Food Cupboard,"Dietary, Lifestyle & World Foods>Free From>Palm Oil Free>Breakfast>Cereal",Yes,https://www.ocado.com/products/345250011,2
KETTLE Chips Vegan Sheese & Red Onion,£ 1.99,£ 1.47 per 100g,https://www.ocado.com/productImages/527/527698011_0_640x640.jpg,images/KETTLE Chips Vegan Sheese & Red Onion.jpg,Food Cupboard,"Food Cupboard>Crisps, Snacks & Nuts>Crisps & Popcorn>Crisps for Sharing>Big Bags",Yes,https://www.ocado.com/products/527698011,16
Cadbury Bournville Fairtrade Cocoa,£ 1.59,£ 1.2704 per 100g,https://www.ocado.com/productImages/199/19980011_0_640x640.jpg,images/Cadbury Bournville Fairtrade Cocoa.jpg,Food Cupboard,Food Cupboard>Sugar & Home Baking>Cooking Chocolate & Cacao>Cocoa & Cacao,Yes,https://www.ocado.com/products/19980011,15
Green & Black's Cook's Organic Milk Chocolate,£ 2.5,£ 1.67 per 100g,https://www.ocado.com/productImages/456/45682011_0_640x640.jpg,images/Green & Black's Cook's Organic Milk Chocolate.jpg,Food Cupboard,"Dietary, Lifestyle & World Foods>Fairtrade>Baking & Food Cupboard",Yes,https://www.ocado.com/products/45682011,15
Kellogg's Bran Flakes,£ 2.5,£ 0.333 per 100g,https://www.ocado.com/productImages/100/10024011_0_640x640.jpg,images/Kellogg's Bran Flakes.jpg,Food Cupboard,Food Cupboard>Breakfast Cereals>Lighter Cereal>Bran & Fibre,Yes,https://www.ocado.com/products/10024011,13
Maille Hollandaise Sauce ,£ 1.75,£ 0.875 per 100g,https://www.ocado.com/productImages/370/37086011_0_640x640.jpg,images/Maille Hollandaise Sauce .jpg,Food Cupboard,Food Cupboard>Condiments & Dressings>Condiments>Table Sauces>Hollandaise & Bearnaise Sauces>Hollandaise,Yes,https://www.ocado.com/products/37086011,38
M&S Sea Salt & Balsamic Vinegar Crisps,£ 1.5,£ 1.0 per 100g,https://www.ocado.com/productImages/508/508928011_0_640x640.jpg,images/M&S Sea Salt & Balsamic Vinegar Crisps.jpg,Food Cupboard,"Food Cupboard>Crisps, Snacks & Nuts>Crisps & Popcorn>Crisps for Sharing>Hand Cooked",Yes,https://www.ocado.com/products/508928011,2
Nestle Oat Cheerios Low Sugar,£ 1.5,£ 0.4616 per 100g,https://www.ocado.com/productImages/288/288156011_0_640x640.jpg,images/Nestle Oat Cheerios Low Sugar.jpg,Food Cupboard,Food Cupboard>Breakfast Cereals>Family Cereal>Children's Cereal>Plain,Yes,https://www.ocado.com/products/288156011,97
